{"MIPS": 0.00440396, "Simulation_Time": 0.909862, "CPU_Time": 0.000125219, "CPU_cycle": 4007}
